IDImage;NomFichier;Pseudo;Slogan;Provenance
1;3-37-3.jpg;Batman1;Les enfants ont des droits 1;Lot1
2;3-37-4.jpg;Bidule1;Tout enfant a des droits 1;Lot1
3;3-37-5.jpg;Batman2;Les enfants ont des droits 2;Lot1
4;3-37-6.jpg;Bidule2;Tout enfant a des droits 2;Lot1
5;3-37-7.jpg;Batman2;Les enfants ont des droits 2;Lot1
6;3-37-8.jpg;Bidule2;Tout enfant a des droits 2;Lot1
7;3-37-9.jpg;Batman3;Les enfants ont des droits 3;Lot1
8;3-37-10.jpg;Bidule3;Tout enfant a des droits 3;Lot1
9;3-37-11.jpg;Batman3;Les enfants ont des droits 3;Lot1
10;3-37-12.jpg;Bidule3;Tout enfant a des droits 3;Lot1
11;3-38-3.jpg;Batman4;Les enfants ont des droits 4;Lot1
12;3-38-4.jpg;Bidule4;Tout enfant a des droits 4;Lot1
13;3-38-5.jpg;Batman4;Les enfants ont des droits 4;Lot1
14;3-38-6.jpg;Bidule4;Tout enfant a des droits 4;Lot1
15;3-38-7.jpg;Batman5;Les enfants ont des droits 5;Lot1
16;3-38-8.jpg;Bidule5;Tout enfant a des droits 5;Lot1
17;3-38-9.jpg;Batman5;Les enfants ont des droits 5;Lot1
18;3-38-10.jpg;Bidule5;Tout enfant a des droits 5;Lot1
19;3-38-11.jpg;Batman6;Les enfants ont des droits 6;Lot1
20;3-38-12.jpg;Bidule6;Tout enfant a des droits 6;Lot1
21;3-39-10.jpg;Batman6;Les enfants ont des droits 6;Lot1
22;3-39-11.jpg;Bidule6;Tout enfant a des droits 6;Lot1
23;3-39-12.jpg;Batman7;Les enfants ont des droits 7;Lot1
24;3-40-10.jpg;Bidule7;Tout enfant a des droits 7;Lot1
25;3-40-11.jpg;Batman7;Les enfants ont des droits 7;Lot1
26;3-40-12.jpg;Bidule7;Tout enfant a des droits 7;Lot1
27;3-41-10.jpg;Batman8;Les enfants ont des droits 8;Lot1
28;3-41-11.jpg;Bidule8;Tout enfant a des droits 8;Lot1
29;3-41-12.jpg;Batman8;Les enfants ont des droits 8;Lot1
30;3-42-10.jpg;Bidule8;Tout enfant a des droits 8;Lot1
31;3-42-11.jpg;Batman9;Les enfants ont des droits 9;Lot1
32;3-42-12.jpg;Bidule9;Tout enfant a des droits 9;Lot1
33;3-43-10.jpg;Batman9;Les enfants ont des droits 9;Lot1
34;3-43-11.jpg;Bidule9;Tout enfant a des droits 9;Lot1
35;3-44-9.jpg;Batman10;Les enfants ont des droits 10;Lot1
36;3-44-10.jpg;Bidule10;Tout enfant a des droits 10;Lot1
37;3-45-9.jpg;Batman10;Les enfants ont des droits 10;Lot1
38;3-45-10.jpg;Bidule10;Tout enfant a des droits 10;Lot1
39;3-45-11.jpg;Batman11;Les enfants ont des droits 11;Lot1
40;3-46-9.jpg;Bidule11;Tout enfant a des droits 11;Lot1
41;3-46-10.jpg;Batman11;Les enfants ont des droits 11;Lot1
42;3-46-11.jpg;Bidule11;Tout enfant a des droits 11;Lot1
43;3-47-9.jpg;Batman12;Les enfants ont des droits 12;Lot1
